[
  {
    "id": 1,
    "name": "John Smith",
    "subject": "Mathematics",
    "grade": 85,
    "date": "2022-01-15",
    "email": "john@example.com",
    "dateJoined": "2022-09-01",
    "address": "123 Main St",
    "city": "Boston",
    "state": "MA",
    "country": "USA",
    "zip": "02108",
    "age": 32,
    "phone": "617-555-1234"
  },
  {
    "id": 2,
    "name": "Jane Doe",
    "subject": "Physics",
    "grade": 72,
    "date": "2023-01-18",
    "email": "jane@example.com",
    "dateJoined": "2022-09-05",
    "address": "456 Park Ave",
    "city": "New York",
    "state": "NY",
    "country": "USA",
    "zip": "10001",
    "age": 24,
    "phone": "212-555-9876"
  },
  {
    "id": 3,
    "name": "John Smith",
    "subject": "Chemistry",
    "grade": 64,
    "date": "2023-01-22",
    "email": "john@example.com",
    "dateJoined": "2022-09-01",
    "address": "123 Main St",
    "city": "Boston",
    "state": "MA",
    "country": "USA",
    "zip": "02108",
    "age": 31,
    "phone": "617-555-2345"
  },
  {
    "id": 4,
    "name": "Mike Johnson",
    "subject": "Mathematics",
    "grade": 91,
    "date": "2023-01-15",
    "email": "mike@example.com",
    "dateJoined": "2022-08-15",
    "address": "789 Elm St",
    "city": "Chicago",
    "state": "IL",
    "country": "USA",
    "zip": "60007",
    "age": 27,
    "phone": "312-555-7890"
  },
  {
    "id": 5,
    "name": "Jane Doe",
    "subject": "Biology",
    "grade": 58,
    "date": "2023-01-25",
    "email": "jane@example.com",
    "dateJoined": "2022-09-05",
    "address": "456 Park Ave",
    "city": "New York",
    "state": "NY",
    "country": "USA",
    "zip": "10001",
    "age": 29,
    "phone": "212-555-3456"
  },
  {
    "id": 6,
    "name": "Sara Williams",
    "subject": "Physics",
    "grade": 77,
    "date": "2023-01-20",
    "email": "sara@example.com",
    "dateJoined": "2022-09-10",
    "address": "101 Pine St",
    "city": "Seattle",
    "state": "WA",
    "country": "USA",
    "zip": "98101",
    "age": 26,
    "phone": "206-555-8765"
  },
  {
    "id": 7,
    "name": "Mike Johnson",
    "subject": "Chemistry",
    "grade": 83,
    "date": "2023-01-22",
    "email": "mike@example.com",
    "dateJoined": "2022-08-15",
    "address": "789 Elm St",
    "city": "Chicago",
    "state": "IL",
    "country": "USA",
    "zip": "60007",
    "age": 33,
    "phone": "312-555-9012"
  },
  {
    "id": 8,
    "name": "David Brown",
    "subject": "Mathematics",
    "grade": 66,
    "date": "2023-01-15",
    "email": "david@example.com",
    "dateJoined": "2022-09-20",
    "address": "202 Oak St",
    "city": "Austin",
    "state": "TX",
    "country": "USA",
    "zip": "78701",
    "age": 25,
    "phone": "512-555-2345"
  },
  {
    "id": 9,
    "name": "John Smith",
    "subject": "Biology",
    "grade": 79,
    "date": "2023-01-25",
    "email": "john@example.com",
    "dateJoined": "2022-09-01",
    "address": "123 Main St",
    "city": "Boston",
    "state": "MA",
    "country": "USA",
    "zip": "02108",
    "age": 30,
    "phone": "617-555-4567"
  },
  {
    "id": 10,
    "name": "Sara Williams",
    "subject": "Chemistry",
    "grade": 82,
    "date": "2023-01-22",
    "email": "sara@example.com",
    "dateJoined": "2022-09-10",
    "address": "101 Pine St",
    "city": "Seattle",
    "state": "WA",
    "country": "USA",
    "zip": "98101",
    "age": 21,
    "phone": "206-555-1234"
  },
  {
    "id": 11,
    "name": "Emily Davis",
    "subject": "Mathematics",
    "grade": 93,
    "date": "2023-01-15",
    "email": "emily@example.com",
    "dateJoined": "2022-10-01",
    "address": "303 Maple St",
    "city": "Denver",
    "state": "CO",
    "country": "USA",
    "zip": "80202",
    "age": 22,
    "phone": "303-555-8901"
  },
  {
    "id": 12,
    "name": "Jane Doe",
    "subject": "Mathematics",
    "grade": 60,
    "date": "2023-01-15",
    "email": "jane@example.com",
    "dateJoined": "2022-09-05",
    "address": "456 Park Ave",
    "city": "New York",
    "state": "NY",
    "country": "USA",
    "zip": "10001",
    "age": 34,
    "phone": "212-555-6789"
  },
  {
    "id": 13,
    "name": "David Brown",
    "subject": "Physics",
    "grade": 70,
    "date": "2023-01-20",
    "email": "david@example.com",
    "dateJoined": "2022-09-20",
    "address": "202 Oak St",
    "city": "Austin",
    "state": "TX",
    "country": "USA",
    "zip": "78701",
    "age": 36,
    "phone": "512-555-3456"
  },
  {
    "id": 14,
    "name": "Mike Johnson",
    "subject": "Biology",
    "grade": 89,
    "date": "2023-01-25",
    "email": "mike@example.com",
    "dateJoined": "2022-08-15",
    "address": "789 Elm St",
    "city": "Chicago",
    "state": "IL",
    "country": "USA",
    "zip": "60007",
    "age": 38,
    "phone": "312-555-2345"
  },
  {
    "id": 15,
    "name": "Alex Wilson",
    "subject": "Chemistry",
    "grade": 55,
    "date": "2023-01-22",
    "email": "alex@example.com",
    "dateJoined": "2022-10-05",
    "address": "404 Cedar St",
    "city": "Portland",
    "state": "OR",
    "country": "USA",
    "zip": "97201",
    "age": 23,
    "phone": "503-555-7890"
  },
  {
    "id": 16,
    "name": "Emily Davis",
    "subject": "Physics",
    "grade": 88,
    "date": "2023-01-20",
    "email": "emily@example.com",
    "dateJoined": "2022-10-01",
    "address": "303 Maple St",
    "city": "Denver",
    "state": "CO",
    "country": "USA",
    "zip": "80202",
    "age": 24,
    "phone": "303-555-1234"
  },
  {
    "id": 17,
    "name": "Sara Williams",
    "subject": "Mathematics",
    "grade": 75,
    "date": "2023-01-15",
    "email": "sara@example.com",
    "dateJoined": "2022-09-10",
    "address": "101 Pine St",
    "city": "Seattle",
    "state": "WA",
    "country": "USA",
    "zip": "98101",
    "age": 28,
    "phone": "206-555-6543"
  },
  {
    "id": 18,
    "name": "Alex Wilson",
    "subject": "Biology",
    "grade": 62,
    "date": "2023-01-25",
    "email": "alex@example.com",
    "dateJoined": "2022-10-05",
    "address": "404 Cedar St",
    "city": "Portland",
    "state": "OR",
    "country": "USA",
    "zip": "97201",
    "age": 35,
    "phone": "503-555-4321"
  },
  {
    "id": 19,
    "name": "David Brown",
    "subject": "Chemistry",
    "grade": 69,
    "date": "2023-01-22",
    "email": "david@example.com",
    "dateJoined": "2022-09-20",
    "address": "202 Oak St",
    "city": "Austin",
    "state": "TX",
    "country": "USA",
    "zip": "78701",
    "age": 30,
    "phone": "512-555-9876"
  },
  {
    "id": 20,
    "name": "Morgan Freeman",
    "subject": "Algebra",
    "grade": 98,
    "date": "2023-01-15",
    "email": "morgan@example.com",
    "dateJoined": "2022-10-10",
    "address": "505 Birch St",
    "city": "Miami",
    "state": "FL",
    "country": "USA",
    "zip": "33101",
    "age": 40,
    "phone": "305-555-8765"
  },
  {
    "id": 21,
    "name": "Liam Carter",
    "subject": "Geometry",
    "grade": 81,
    "date": "2023-01-18",
    "email": "liam@example.com",
    "dateJoined": "2022-11-01",
    "address": "606 Spruce St",
    "city": "San Diego",
    "state": "CA",
    "country": "USA",
    "zip": "92101",
    "age": 27,
    "phone": "619-555-3456"
  },
  {
    "id": 22,
    "name": "Olivia Green",
    "subject": "Trigonometry",
    "grade": 76,
    "date": "2023-01-19",
    "email": "olivia@example.com",
    "dateJoined": "2022-10-15",
    "address": "707 Fir St",
    "city": "Phoenix",
    "state": "AZ",
    "country": "USA",
    "zip": "85001",
    "age": 21,
    "phone": "602-555-7890"
  },
  {
    "id": 23,
    "name": "Ethan Lee",
    "subject": "Statistics",
    "grade": 84,
    "date": "2023-01-20",
    "email": "ethan@example.com",
    "dateJoined": "2022-09-25",
    "address": "808 Walnut St",
    "city": "Philadelphia",
    "state": "PA",
    "country": "USA",
    "zip": "19107",
    "age": 29,
    "phone": "215-555-2109"
  },
  {
    "id": 24,
    "name": "Sophia Hall",
    "subject": "Calculus",
    "grade": 90,
    "date": "2023-01-21",
    "email": "sophia@example.com",
    "dateJoined": "2022-08-30",
    "address": "909 Cherry St",
    "city": "Dallas",
    "state": "TX",
    "country": "USA",
    "zip": "75201",
    "age": 26,
    "phone": "214-555-6543"
  },
  {
    "id": 25,
    "name": "Noah Scott",
    "subject": "Economics",
    "grade": 73,
    "date": "2023-01-22",
    "email": "noah@example.com",
    "dateJoined": "2022-09-10",
    "address": "1010 Palm St",
    "city": "San Jose",
    "state": "CA",
    "country": "USA",
    "zip": "95112",
    "age": 33,
    "phone": "408-555-7890"
  }
]